VIF Factor,features
33.651011624545156,BNBBTC__general_info__high_24h
32.86873540296232,general_info__exchange_info__Ether
32.82697944379056,general_info__exchange_info__Silver_Troy_Ounce
30.111717962239958,general_info__biggest_coin_streamer__DASHBTC
29.329658271122543,BTC__events_aggregator__NumMentions_7_days
27.10803558594664,general_info__econ_bitcoin_aggregator__V2Tone_5_8_hour
26.683391710182626,general_info__events_aggregator__GoldsteinScale_7_days
26.609865886317756,BNBBTC__general_info__market_cap_change_percentage_24h
26.300932930358616,BNBBTC__general_info__price_change_24h
24.226819928030576,BTC__events_aggregator__GoldsteinScale_7_days
21.868831095432736,general_info__biggest_coin_streamer__BATBTC
21.852113524659387,general_info__biggest_coin_streamer__BEARUSDT
20.760285210942737,general_info__biggest_coin_streamer__XTZBTC
20.126107163860976,general_info__biggest_coin_streamer__NEBLBTC
19.903027076124793,general_info__events_aggregator__NumMentions_7_days
19.853455217937036,BTC__events_aggregator__NumArticles_7_days
19.798587002111976,general_info__stock_exchange_index__SSE_Composite_Index
18.735780741972153,general_info__exchange_info__XRP
17.58636595900792,general_info__stock_exchange_index__MERVAL
17.28694712712879,general_info__events_aggregator__AvgTone_7_days
16.35882956663564,general_info__biggest_coin_streamer__LINKBTC
16.26827293238843,general_info__biggest_coin_streamer__MATICBTC
15.459997100967815,general_info__biggest_coin_streamer__CHZBTC
15.159273534302171,general_info__biggest_coin_streamer__TCTBTC
14.68810450458016,general_info__econ_bitcoin_aggregator__V2Tone_4_24_hour
14.660534953042248,general_info__biggest_coin_streamer__AIONBTC
14.265324353508147,general_info__biggest_coin_streamer__ENJBTC
13.691910476050177,BTC__events_aggregator__AvgTone_7_days
13.41721238628229,general_info__econ_bitcoin_aggregator__V2Tone_2_8_hour
12.073282979380448,general_info__econ_bitcoin_aggregator__V2Tone_1_7_days
11.382147585728815,BTC__events_aggregator__NumArticles_24_hour
11.111553866835827,general_info__biggest_coin_streamer__BTGBTC
11.074863471223441,BTC__events_aggregator__NumSources_24_hour
10.77858059409732,BNBBTC__general_info__total_volume
10.604626631000981,general_info__events_aggregator__NumSources_24_hour
10.524522383478011,general_info__econ_bitcoin_aggregator__count_7_days
10.4543303031485,general_info__hash_rate_streamer_bitcoin__difficulty
9.598263027678534,general_info__biggest_coin_streamer__GNTBTC
9.144369199439119,general_info__hash_rate_streamer_bitcoin__btc_sent_24
8.961460328702493,general_info__econ_bitcoin_aggregator__V2Tone_6_7_days
8.792415277260586,general_info__biggest_coin_streamer__DGDETH
8.751638741499532,general_info__econ_bitcoin_aggregator__V2Tone_5_1_hour
8.538106535404578,general_info__econ_bitcoin_aggregator__V2Tone_6_24_hour
8.50193002339124,BNB__events_aggregator__AvgTone_7_days
8.223239372620606,general_info__biggest_coin_streamer__XEMBTC
7.689607934349386,BTC__events_aggregator__NumMentions_24_hour
7.109595229002191,BTC__events_aggregator__NumArticles_8_hour
7.012746370175521,general_info__events_aggregator__NumSources_7_days
6.967987715979491,general_info__econ_bitcoin_aggregator__count_24_hour
6.902973488266571,general_info__biggest_coin_streamer__WAVESBTC
6.414768913814648,general_info__biggest_coin_streamer__CVCBTC
6.007224447962495,general_info__econ_bitcoin_aggregator__V2Tone_4_1_hour
5.678671826326189,BNB__events_aggregator__GoldsteinScale_7_days
5.554093651274242,general_info__hash_rate_ethereum__size
5.538910796460094,general_info__events_aggregator__NumSources_8_hour
5.512002213274645,general_info__econ_bitcoin_aggregator__V2Tone_1_24_hour
5.354843008375547,BTC__events_aggregator__NumMentions_8_hour
5.163499289755991,general_info__econ_bitcoin_aggregator__V2Tone_1_8_hour
4.797762904062038,general_info__events_aggregator__NumArticles_24_hour
4.765341880332968,BNB__events_aggregator__NumSources_7_days
4.671276940899992,general_info__econ_bitcoin_aggregator__count_8_hour
4.470137909564209,BTC__events_aggregator__NumSources_7_days
4.355400520744239,general_info__hash_rate_ethereum__transaction_len
4.309831538673791,general_info__econ_bitcoin_aggregator__V2Tone_6_8_hour
4.299612307975855,BTC__events_aggregator__NumSources_8_hour
4.083279158096263,BTC__events_aggregator__count_24_hour
3.829271112745392,general_info__hash_rate_streamer_bitcoin__estimated_hash_rate
3.4364996583461136,general_info__biggest_coin_streamer__LENDBTC
3.166857154072461,general_info__events_aggregator__NumMentions_8_hour
3.148373544089266,BNB__twitter_info_aggregated__polarity_self_cleaned
3.116323116931419,BNB__twitter_info_aggregated__polarity_uncleaned
3.072343732952591,BNBBTC__ticker_info__volume
2.9708751851775808,general_info__events_aggregator__GoldsteinScale_24_hour
2.9589898891327233,general_info__biggest_coin_streamer__USDCUSDT
2.9370937207481793,BNBBTC__ticker_info__taker_buy_asset_volume
2.8696581994473163,general_info__biggest_coin_streamer__PAXUSDT
2.800829482349576,general_info__biggest_coin_streamer__BUSDUSDT
2.7968353774043453,BNB__twitter_info_aggregated__relative_polarity_friends
2.6093360320402925,general_info__hash_rate_ethereum__gasUsed
2.500533772605041,BNB__events_aggregator__NumSources_24_hour
2.436940039544989,general_info__econ_bitcoin_aggregator__count_1_hour
2.354854269463085,BTC__events_aggregator__GoldsteinScale_24_hour
2.3056457535393458,general_info__hash_rate_streamer_bitcoin__unconfirmed_count
2.249228506343844,general_info__biggest_coin_streamer__TUSDUSDT
2.242504183312191,general_info__econ_bitcoin_aggregator__V2Tone_1_1_hour
2.1603979757920135,BNB__events_aggregator__AvgTone_24_hour
2.0925609906150524,general_info__econ_bitcoin_aggregator__V2Tone_5_7_days
1.9771805900226584,general_info__twitter_info_aggregated__count
1.8126364111512803,BTC__events_aggregator__GoldsteinScale_8_hour
1.6732222349021784,general_info__econ_bitcoin_aggregator__V2Tone_6_1_hour
1.3911144267426288,general_info__twitter_info_aggregated__total_friends
1.3514622336135562,BTC__twitter_info_aggregated__count
1.163250643497666,BTC__twitter_info_aggregated__polarity_uncleaned
1.1438554716074962,BTC__twitter_info_aggregated__polarity_self_cleaned
1.0857265135751701,general_info__twitter_info_aggregated__polarity_uncleaned
0.0009686755382021372,general_info__hash_rate_streamer_bitcoin__transaction_size_avereage
0.0,Intercept
